,repository_name,repository_language
0,.allstar,
1,.github,
2,api-samples,Java
3,chrobalt_sandbox,C++
4,cobalt,C++
5,cobalt_sandbox,C++
6,doorman,Go
7,geo-search-tool,JavaScript
8,h5vcc,C++
9,h5vcc-testharness.js,JavaScript
10,h5vcc-web-platform-tests,HTML
11,h5vcc_hh,C++
12,js_mse_eme,JavaScript
13,rcat,Java
14,spfjs,JavaScript
15,spitfire,Python
16,vfl,
17,YCSB,Java
18,youtube-chat-for-minecraft,Java
19,youtube-ios-player-helper,Objective-C
20,youtubechatbot,
21,yt-analytics-dump-ruby,Ruby
22,yt-android-player,Java
23,yt-auto-curate-ruby,Ruby
24,yt-direct-lite-android,Java
25,yt-direct-lite-iOS,Objective-C
26,yt-direct-lite-javascript,JavaScript
27,yt-shuffle-playlist-ruby,Ruby
28,yt-watchme,Java
29,yt_channel_section_targeter,HTML
